{"stats":{"minecraft:used":{"vlog_games:number_0screen":2,"minecraft:yellow_wool":306,"minecraft:wooden_axe":2,"vlog_games:bedplayerleft":2,"vlog_games:verticallightpinkconcrete":2,"vlog_games:facescreen":1,"vlog_games:bedplayerright":3,"another_furniture:oak_table":1,"minecraft:grass_block":18,"minecraft:lime_wool":169,"minecraft:blue_wool":377,"vlog_games:number_8screen":1,"minecraft:pink_wool":21},"minecraft:killed":{"minecraft:creeper":1},"minecraft:dropped":{"minecraft:wooden_axe":1},"minecraft:picked_up":{"minecraft:bone":1,"minecraft:rotten_flesh":4,"minecraft:gunpowder":2,"minecraft:birch_sapling":1},"minecraft:custom":{"minecraft:time_since_rest":107229,"minecraft:crouch_one_cm":1870,"minecraft:sprint_one_cm":6544,"minecraft:play_time":107229,"minecraft:damage_taken":150,"minecraft:walk_one_cm":47383,"minecraft:sneak_time":2319,"minecraft:mob_kills":1,"minecraft:drop":1,"minecraft:jump":94,"minecraft:damage_dealt":240,"minecraft:leave_game":4,"minecraft:time_since_death":107229,"minecraft:total_world_time":107229,"minecraft:fall_one_cm":1503,"minecraft:fly_one_cm":476180}},"DataVersion":3465}