{"stats":{"minecraft:used":{"minecraft:yellow_wool":104,"minecraft:lime_wool":111,"minecraft:blue_wool":46,"vlog_games:number_8screen":1,"vlog_games:bedplayerleft":2,"another_furniture:oak_table":1,"vlog_games:verticallightpinkconcrete":2,"minecraft:pink_wool":21,"vlog_games:facescreen":1,"vlog_games:bedplayerright":3},"minecraft:picked_up":{"minecraft:birch_sapling":1},"minecraft:custom":{"minecraft:jump":22,"minecraft:time_since_rest":58822,"minecraft:crouch_one_cm":386,"minecraft:leave_game":3,"minecraft:play_time":58822,"minecraft:sprint_one_cm":2402,"minecraft:damage_taken":150,"minecraft:time_since_death":58822,"minecraft:walk_one_cm":11547,"minecraft:sneak_time":497,"minecraft:total_world_time":58822,"minecraft:fall_one_cm":1503,"minecraft:fly_one_cm":134767}},"DataVersion":3465}