{"stats":{"minecraft:used":{"vlog_games:number_0screen":2,"minecraft:yellow_wool":307,"minecraft:wooden_axe":2,"framedblocks:framed_inner_threeway_corner":1,"vlog_games:bedplayerleft":2,"vlog_games:verticallightpinkconcrete":2,"another_furniture:oak_table":1,"vlog_games:facescreen":1,"vlog_games:bedplayerright":3,"minecraft:grass_block":18,"minecraft:lime_wool":179,"minecraft:yellow_concrete":13,"minecraft:blue_wool":416,"vlog_games:number_8screen":1,"vlog_games:number_1screen":4,"vlog_games:number_2screen":2,"minecraft:white_concrete":81,"minecraft:pink_wool":21},"minecraft:killed":{"minecraft:creeper":1},"minecraft:dropped":{"minecraft:brush":1,"minecraft:wooden_axe":1},"minecraft:picked_up":{"minecraft:arrow":4,"minecraft:bone":4,"minecraft:rotten_flesh":4,"minecraft:brush":1,"minecraft:gunpowder":2,"minecraft:birch_sapling":1},"minecraft:custom":{"minecraft:time_since_rest":154886,"minecraft:crouch_one_cm":2493,"minecraft:sprint_one_cm":10125,"minecraft:play_time":154886,"minecraft:damage_taken":150,"minecraft:walk_one_cm":60757,"minecraft:sneak_time":3152,"minecraft:mob_kills":1,"minecraft:drop":2,"minecraft:jump":111,"minecraft:damage_dealt":240,"minecraft:leave_game":5,"minecraft:time_since_death":154886,"minecraft:total_world_time":154886,"minecraft:fall_one_cm":1503,"minecraft:fly_one_cm":861034}},"DataVersion":3465}