{"stats":{"minecraft:killed":{"minecraft:creeper":1},"minecraft:picked_up":{"minecraft:brush":1,"minecraft:gunpowder":2,"minecraft:bone":4,"minecraft:arrow":4,"minecraft:rotten_flesh":4,"minecraft:birch_sapling":1},"minecraft:dropped":{"minecraft:brush":1,"minecraft:wooden_axe":1},"minecraft:custom":{"minecraft:time_since_rest":223278,"minecraft:sprint_one_cm":16113,"minecraft:damage_taken":150,"minecraft:walk_one_cm":84539,"minecraft:mob_kills":1,"minecraft:drop":2,"minecraft:damage_dealt":339,"minecraft:fly_one_cm":1313136,"minecraft:crouch_one_cm":3529,"minecraft:play_time":223278,"minecraft:sneak_time":4994,"minecraft:jump":186,"minecraft:leave_game":6,"minecraft:time_since_death":223278,"minecraft:total_world_time":223278,"minecraft:fall_one_cm":1503},"minecraft:used":{"minecraft:wooden_axe":2,"minecraft:sea_lantern":55,"minecraft:light":24,"framedblocks:framed_threeway_corner_pillar":7,"framedblocks:framed_inner_threeway_corner":1,"vlog_games:bedplayerleft":4,"vlog_games:verticallightpinkconcrete":2,"vlog_games:bedplayerright":4,"minecraft:grass_block":18,"minecraft:lime_wool":186,"minecraft:blue_wool":450,"vlog_games:number_1screen":4,"vlog_games:number_2screen":2,"minecraft:spruce_trapdoor":9,"minecraft:pink_wool":21,"vlog_games:number_0screen":2,"minecraft:yellow_wool":370,"minecraft:bedrock":27,"minecraft:dirt":1,"vlog_games:facescreen":1,"minecraft:hopper":2,"another_furniture:oak_table":1,"minecraft:yellow_concrete":13,"minecraft:chain":1,"vlog_games:number_8screen":1,"minecraft:white_concrete":83,"minecraft:black_bed":1}},"DataVersion":3465}