{"stats":{"minecraft:custom":{"minecraft:jump":5,"minecraft:time_since_rest":30854,"minecraft:crouch_one_cm":6,"minecraft:sprint_one_cm":777,"minecraft:play_time":30854,"minecraft:time_since_death":30854,"minecraft:walk_one_cm":5852,"minecraft:sneak_time":32,"minecraft:total_world_time":30854,"minecraft:fly_one_cm":1603},"minecraft:used":{"minecraft:yellow_wool":6,"minecraft:lime_wool":44,"minecraft:blue_wool":12,"minecraft:pink_wool":21},"minecraft:picked_up":{"minecraft:birch_sapling":1}},"DataVersion":3465}