{"stats":{"minecraft:killed":{"minecraft:creeper":1},"minecraft:picked_up":{"minecraft:arrow":4,"minecraft:bone":4,"minecraft:rotten_flesh":4,"minecraft:brush":1,"minecraft:gunpowder":2,"minecraft:birch_sapling":1},"minecraft:dropped":{"minecraft:brush":1,"minecraft:wooden_axe":1},"minecraft:custom":{"minecraft:time_since_rest":187278,"minecraft:crouch_one_cm":2547,"minecraft:sprint_one_cm":11261,"minecraft:play_time":187278,"minecraft:damage_taken":150,"minecraft:walk_one_cm":64659,"minecraft:sneak_time":3263,"minecraft:mob_kills":1,"minecraft:drop":2,"minecraft:jump":114,"minecraft:damage_dealt":302,"minecraft:leave_game":6,"minecraft:time_since_death":187278,"minecraft:total_world_time":187278,"minecraft:fall_one_cm":1503,"minecraft:fly_one_cm":882087},"minecraft:used":{"vlog_games:number_0screen":2,"minecraft:yellow_wool":307,"minecraft:wooden_axe":2,"framedblocks:framed_threeway_corner_pillar":5,"minecraft:sea_lantern":31,"vlog_games:bedplayerleft":2,"framedblocks:framed_inner_threeway_corner":1,"vlog_games:verticallightpinkconcrete":2,"another_furniture:oak_table":1,"vlog_games:facescreen":1,"vlog_games:bedplayerright":3,"minecraft:grass_block":18,"minecraft:lime_wool":179,"minecraft:yellow_concrete":13,"minecraft:blue_wool":418,"vlog_games:number_8screen":1,"vlog_games:number_1screen":4,"vlog_games:number_2screen":2,"minecraft:white_concrete":81,"minecraft:pink_wool":21}},"DataVersion":3465}