{"stats":{"minecraft:killed":{"minecraft:creeper":1},"minecraft:dropped":{"minecraft:brush":1,"minecraft:wooden_axe":1,"automobility:crowbar":1},"minecraft:used":{"minecraft:wooden_axe":2,"framedblocks:framed_threeway_corner_pillar":7,"minecraft:light":24,"minecraft:sea_lantern":56,"framedblocks:framed_inner_threeway_corner":1,"vlog_games:bedplayerleft":6,"vlog_games:verticallightpinkconcrete":2,"vlog_games:bedplayerright":5,"minecraft:grass_block":18,"minecraft:lime_wool":190,"minecraft:blue_wool":474,"vlog_games:number_1screen":4,"vlog_games:number_2screen":2,"minecraft:spruce_trapdoor":9,"minecraft:pink_wool":21,"minecraft:structure_block":16,"vlog_games:number_0screen":2,"minecraft:yellow_wool":390,"minecraft:bedrock":218,"minecraft:dirt":5,"vlog_games:facescreen":3,"another_furniture:oak_table":1,"minecraft:hopper":2,"minecraft:yellow_concrete":13,"minecraft:chain":1,"vlog_games:number_8screen":1,"minecraft:white_concrete":83,"minecraft:black_bed":1,"automobility:automobile_assembler":1},"minecraft:custom":{"minecraft:time_since_rest":271793,"minecraft:sprint_one_cm":16774,"minecraft:damage_taken":150,"minecraft:walk_one_cm":92426,"minecraft:mob_kills":1,"minecraft:drop":3,"minecraft:damage_dealt":339,"minecraft:fly_one_cm":1634630,"minecraft:crouch_one_cm":4998,"minecraft:play_time":271793,"minecraft:sneak_time":9227,"minecraft:jump":213,"minecraft:leave_game":7,"minecraft:time_since_death":271793,"minecraft:total_world_time":271793,"minecraft:fall_one_cm":1503},"minecraft:picked_up":{"minecraft:brush":1,"minecraft:gunpowder":2,"minecraft:bone":4,"minecraft:arrow":5,"minecraft:rotten_flesh":6,"minecraft:birch_sapling":1}},"DataVersion":3465}