{"stats":{"minecraft:used":{"vlog_games:number_0screen":2,"minecraft:yellow_wool":307,"minecraft:wooden_axe":2,"vlog_games:bedplayerleft":2,"vlog_games:verticallightpinkconcrete":2,"another_furniture:oak_table":1,"vlog_games:facescreen":1,"vlog_games:bedplayerright":3,"minecraft:grass_block":18,"minecraft:lime_wool":172,"minecraft:blue_wool":404,"vlog_games:number_8screen":1,"minecraft:white_concrete":81,"minecraft:pink_wool":21},"minecraft:killed":{"minecraft:creeper":1},"minecraft:dropped":{"minecraft:brush":1,"minecraft:wooden_axe":1},"minecraft:picked_up":{"minecraft:arrow":4,"minecraft:bone":4,"minecraft:rotten_flesh":4,"minecraft:brush":1,"minecraft:gunpowder":2,"minecraft:birch_sapling":1},"minecraft:custom":{"minecraft:time_since_rest":142886,"minecraft:crouch_one_cm":2415,"minecraft:sprint_one_cm":9636,"minecraft:play_time":142886,"minecraft:damage_taken":150,"minecraft:walk_one_cm":56914,"minecraft:sneak_time":2812,"minecraft:mob_kills":1,"minecraft:drop":2,"minecraft:jump":106,"minecraft:damage_dealt":240,"minecraft:leave_game":5,"minecraft:time_since_death":142886,"minecraft:total_world_time":142886,"minecraft:fall_one_cm":1503,"minecraft:fly_one_cm":737897}},"DataVersion":3465}