{"stats":{"minecraft:used":{"vlog_games:number_0screen":2,"minecraft:yellow_wool":302,"minecraft:wooden_axe":2,"vlog_games:bedplayerleft":2,"vlog_games:verticallightpinkconcrete":2,"vlog_games:facescreen":1,"vlog_games:bedplayerright":3,"another_furniture:oak_table":1,"minecraft:grass_block":1,"minecraft:lime_wool":154,"minecraft:blue_wool":319,"vlog_games:number_8screen":1,"minecraft:pink_wool":21},"minecraft:killed":{"minecraft:creeper":1},"minecraft:picked_up":{"minecraft:bone":1,"minecraft:rotten_flesh":4,"minecraft:gunpowder":2,"minecraft:birch_sapling":1},"minecraft:custom":{"minecraft:time_since_rest":92107,"minecraft:crouch_one_cm":1710,"minecraft:sprint_one_cm":6285,"minecraft:play_time":92107,"minecraft:damage_taken":150,"minecraft:walk_one_cm":46206,"minecraft:sneak_time":1486,"minecraft:mob_kills":1,"minecraft:jump":86,"minecraft:damage_dealt":240,"minecraft:leave_game":4,"minecraft:time_since_death":92107,"minecraft:total_world_time":92107,"minecraft:fly_one_cm":318839,"minecraft:fall_one_cm":1503}},"DataVersion":3465}