{"stats":{"minecraft:used":{"vlog_games:number_0screen":2,"minecraft:yellow_wool":306,"minecraft:wooden_axe":2,"vlog_games:bedplayerleft":2,"vlog_games:verticallightpinkconcrete":2,"vlog_games:facescreen":1,"vlog_games:bedplayerright":3,"another_furniture:oak_table":1,"minecraft:grass_block":18,"minecraft:lime_wool":171,"minecraft:blue_wool":404,"vlog_games:number_8screen":1,"minecraft:pink_wool":21},"minecraft:killed":{"minecraft:creeper":1},"minecraft:dropped":{"minecraft:wooden_axe":1},"minecraft:picked_up":{"minecraft:arrow":4,"minecraft:bone":4,"minecraft:rotten_flesh":4,"minecraft:gunpowder":2,"minecraft:birch_sapling":1},"minecraft:custom":{"minecraft:time_since_rest":119229,"minecraft:crouch_one_cm":2180,"minecraft:sprint_one_cm":9323,"minecraft:play_time":119229,"minecraft:damage_taken":150,"minecraft:walk_one_cm":48455,"minecraft:sneak_time":2700,"minecraft:mob_kills":1,"minecraft:drop":1,"minecraft:jump":98,"minecraft:damage_dealt":240,"minecraft:leave_game":4,"minecraft:time_since_death":119229,"minecraft:total_world_time":119229,"minecraft:fall_one_cm":1503,"minecraft:fly_one_cm":645428}},"DataVersion":3465}