{"stats":{"minecraft:killed":{"minecraft:creeper":1},"minecraft:picked_up":{"minecraft:arrow":4,"minecraft:bone":4,"minecraft:rotten_flesh":4,"minecraft:brush":1,"minecraft:gunpowder":2,"minecraft:birch_sapling":1},"minecraft:dropped":{"minecraft:brush":1,"minecraft:wooden_axe":1},"minecraft:custom":{"minecraft:time_since_rest":199278,"minecraft:crouch_one_cm":2793,"minecraft:sprint_one_cm":15756,"minecraft:play_time":199278,"minecraft:damage_taken":150,"minecraft:walk_one_cm":74704,"minecraft:sneak_time":3548,"minecraft:mob_kills":1,"minecraft:drop":2,"minecraft:jump":171,"minecraft:damage_dealt":339,"minecraft:leave_game":6,"minecraft:time_since_death":199278,"minecraft:total_world_time":199278,"minecraft:fall_one_cm":1503,"minecraft:fly_one_cm":1020402},"minecraft:used":{"vlog_games:number_0screen":2,"minecraft:yellow_wool":310,"minecraft:light":24,"minecraft:wooden_axe":2,"framedblocks:framed_threeway_corner_pillar":7,"minecraft:sea_lantern":31,"vlog_games:bedplayerleft":4,"framedblocks:framed_inner_threeway_corner":1,"vlog_games:verticallightpinkconcrete":2,"another_furniture:oak_table":1,"vlog_games:facescreen":1,"vlog_games:bedplayerright":4,"minecraft:grass_block":18,"minecraft:lime_wool":179,"minecraft:yellow_concrete":13,"minecraft:blue_wool":418,"vlog_games:number_8screen":1,"vlog_games:number_1screen":4,"vlog_games:number_2screen":2,"minecraft:white_concrete":81,"minecraft:pink_wool":21}},"DataVersion":3465}