{"stats":{"minecraft:used":{"minecraft:yellow_wool":43,"minecraft:lime_wool":73,"minecraft:blue_wool":12,"vlog_games:number_8screen":1,"vlog_games:bedplayerleft":2,"vlog_games:verticallightpinkconcrete":2,"minecraft:pink_wool":21,"vlog_games:facescreen":1,"vlog_games:bedplayerright":3},"minecraft:picked_up":{"minecraft:birch_sapling":1},"minecraft:custom":{"minecraft:jump":17,"minecraft:time_since_rest":46822,"minecraft:crouch_one_cm":127,"minecraft:leave_game":3,"minecraft:play_time":46822,"minecraft:sprint_one_cm":2184,"minecraft:damage_taken":150,"minecraft:time_since_death":46822,"minecraft:walk_one_cm":9218,"minecraft:sneak_time":306,"minecraft:total_world_time":46822,"minecraft:fall_one_cm":1503,"minecraft:fly_one_cm":126205}},"DataVersion":3465}