{"stats":{"minecraft:used":{"vlog_games:number_0screen":2,"minecraft:yellow_wool":292,"minecraft:wooden_axe":2,"vlog_games:bedplayerleft":2,"vlog_games:verticallightpinkconcrete":2,"vlog_games:facescreen":1,"vlog_games:bedplayerright":3,"another_furniture:oak_table":1,"minecraft:grass_block":1,"minecraft:lime_wool":154,"minecraft:blue_wool":277,"vlog_games:number_8screen":1,"minecraft:pink_wool":21},"minecraft:killed":{"minecraft:creeper":1},"minecraft:picked_up":{"minecraft:bone":1,"minecraft:rotten_flesh":4,"minecraft:gunpowder":2,"minecraft:birch_sapling":1},"minecraft:custom":{"minecraft:time_since_rest":82822,"minecraft:crouch_one_cm":1530,"minecraft:sprint_one_cm":5060,"minecraft:play_time":82822,"minecraft:damage_taken":150,"minecraft:walk_one_cm":42472,"minecraft:sneak_time":1122,"minecraft:mob_kills":1,"minecraft:jump":77,"minecraft:damage_dealt":240,"minecraft:leave_game":3,"minecraft:time_since_death":82822,"minecraft:total_world_time":82822,"minecraft:fly_one_cm":265154,"minecraft:fall_one_cm":1503}},"DataVersion":3465}