{"stats":{"minecraft:killed":{"minecraft:creeper":1},"minecraft:picked_up":{"minecraft:brush":1,"minecraft:gunpowder":2,"minecraft:bone":4,"minecraft:arrow":5,"minecraft:rotten_flesh":6,"minecraft:birch_sapling":1},"minecraft:dropped":{"minecraft:brush":1,"minecraft:wooden_axe":1},"minecraft:custom":{"minecraft:time_since_rest":259278,"minecraft:sprint_one_cm":16141,"minecraft:damage_taken":150,"minecraft:walk_one_cm":87259,"minecraft:mob_kills":1,"minecraft:drop":2,"minecraft:damage_dealt":339,"minecraft:fly_one_cm":1555122,"minecraft:crouch_one_cm":4012,"minecraft:play_time":259278,"minecraft:sneak_time":8953,"minecraft:jump":203,"minecraft:leave_game":6,"minecraft:time_since_death":259278,"minecraft:total_world_time":259278,"minecraft:fall_one_cm":1503},"minecraft:used":{"minecraft:wooden_axe":2,"minecraft:sea_lantern":56,"minecraft:light":24,"framedblocks:framed_threeway_corner_pillar":7,"framedblocks:framed_inner_threeway_corner":1,"vlog_games:bedplayerleft":6,"vlog_games:verticallightpinkconcrete":2,"vlog_games:bedplayerright":5,"minecraft:grass_block":18,"minecraft:lime_wool":190,"minecraft:blue_wool":474,"vlog_games:number_1screen":4,"vlog_games:number_2screen":2,"minecraft:spruce_trapdoor":9,"minecraft:pink_wool":21,"minecraft:structure_block":16,"vlog_games:number_0screen":2,"minecraft:yellow_wool":383,"minecraft:bedrock":218,"minecraft:dirt":5,"vlog_games:facescreen":3,"minecraft:hopper":2,"another_furniture:oak_table":1,"minecraft:yellow_concrete":13,"minecraft:chain":1,"vlog_games:number_8screen":1,"minecraft:white_concrete":83,"minecraft:black_bed":1}},"DataVersion":3465}