{"stats":{"minecraft:killed":{"minecraft:skeleton":3,"minecraft:spider":2,"minecraft:creeper":4},"minecraft:dropped":{"minecraft:sniffer_egg":2,"automobility:automobile_assembler":1,"automobility:automobile_engine":1},"minecraft:killed_by":{"minecraft:zombie":1},"minecraft:used":{"minecraft:netherite_sword":24,"minecraft:sea_lantern":34,"framedblocks:framed_threeway_corner_pillar":26,"automobility:snow_off_road":6,"automobility:dash_panel":2,"vlog_games:bedplayerleft":1,"vlog_games:bedplayerright":1,"minecraft:lime_wool":11,"minecraft:blue_wool":23,"another_furniture:dark_oak_chair":2,"minecraft:sniffer_egg":5,"minecraft:pink_wool":3,"minecraft:calibrated_sculk_sensor":34,"minecraft:yellow_wool":420,"vlog_games:facescreen":1,"minecraft:yellow_concrete":33,"minecraft:white_concrete":230,"minecraft:black_bed":8,"minecraft:spruce_log":1,"automobility:automobile_assembler":5},"minecraft:custom":{"minecraft:time_since_rest":101793,"minecraft:sprint_one_cm":727,"minecraft:walk_one_cm":125120,"minecraft:damage_taken":275,"minecraft:mob_kills":11,"minecraft:drop":4,"minecraft:damage_dealt":1927,"minecraft:fly_one_cm":667310,"minecraft:crouch_one_cm":2583,"minecraft:play_time":134622,"minecraft:deaths":1,"minecraft:sneak_time":3036,"minecraft:jump":167,"minecraft:leave_game":5,"minecraft:time_since_death":101736,"minecraft:total_world_time":134622},"minecraft:picked_up":{"minecraft:black_bed":1,"automobility:automobile_assembler":1,"minecraft:gunpowder":3,"minecraft:sniffer_egg":2,"minecraft:bone":1,"minecraft:arrow":3,"automobility:crowbar":1}},"DataVersion":3465}