{"stats":{"minecraft:picked_up":{"minecraft:sniffer_egg":2},"minecraft:dropped":{"minecraft:sniffer_egg":2},"minecraft:custom":{"minecraft:time_since_rest":21622,"minecraft:crouch_one_cm":1599,"minecraft:sprint_one_cm":554,"minecraft:play_time":54451,"minecraft:walk_one_cm":43818,"minecraft:damage_taken":275,"minecraft:deaths":1,"minecraft:sneak_time":605,"minecraft:drop":2,"minecraft:jump":89,"minecraft:damage_dealt":28,"minecraft:leave_game":3,"minecraft:time_since_death":21565,"minecraft:total_world_time":54451,"minecraft:fly_one_cm":326419},"minecraft:killed_by":{"minecraft:zombie":1},"minecraft:used":{"minecraft:yellow_wool":2,"vlog_games:bedplayerleft":1,"vlog_games:facescreen":1,"vlog_games:bedplayerright":1,"minecraft:lime_wool":3,"minecraft:blue_wool":5,"another_furniture:dark_oak_chair":2,"minecraft:black_bed":5,"minecraft:sniffer_egg":5,"minecraft:spruce_log":1,"minecraft:pink_wool":2,"minecraft:calibrated_sculk_sensor":34}},"DataVersion":3465}