{"stats":{"minecraft:custom":{"minecraft:jump":44,"minecraft:time_since_rest":9622,"minecraft:deaths":1,"minecraft:damage_dealt":28,"minecraft:crouch_one_cm":1462,"minecraft:leave_game":3,"minecraft:play_time":42451,"minecraft:sprint_one_cm":448,"minecraft:damage_taken":275,"minecraft:time_since_death":9565,"minecraft:walk_one_cm":24740,"minecraft:sneak_time":468,"minecraft:total_world_time":42451,"minecraft:fly_one_cm":145055},"minecraft:killed_by":{"minecraft:zombie":1},"minecraft:used":{"another_furniture:dark_oak_chair":2,"vlog_games:bedplayerleft":1,"minecraft:sniffer_egg":5,"minecraft:spruce_log":1,"vlog_games:facescreen":1}},"DataVersion":3465}