{"stats":{"minecraft:killed":{"minecraft:skeleton":3,"minecraft:spider":2,"minecraft:creeper":4},"minecraft:dropped":{"minecraft:sniffer_egg":2},"minecraft:killed_by":{"minecraft:zombie":1},"minecraft:custom":{"minecraft:time_since_rest":93347,"minecraft:damage_taken":275,"minecraft:crouch_one_cm":2453,"minecraft:sprint_one_cm":727,"minecraft:play_time":126176,"minecraft:deaths":1,"minecraft:walk_one_cm":113077,"minecraft:sneak_time":2985,"minecraft:mob_kills":11,"minecraft:drop":2,"minecraft:jump":166,"minecraft:damage_dealt":1927,"minecraft:leave_game":4,"minecraft:time_since_death":93290,"minecraft:total_world_time":126176,"minecraft:fly_one_cm":646892},"minecraft:used":{"minecraft:netherite_sword":24,"minecraft:yellow_wool":420,"framedblocks:framed_threeway_corner_pillar":26,"minecraft:sea_lantern":34,"automobility:dash_panel":2,"vlog_games:bedplayerleft":1,"vlog_games:facescreen":1,"vlog_games:bedplayerright":1,"minecraft:lime_wool":11,"minecraft:yellow_concrete":33,"minecraft:blue_wool":23,"another_furniture:dark_oak_chair":2,"minecraft:black_bed":8,"minecraft:white_concrete":230,"minecraft:sniffer_egg":5,"minecraft:spruce_log":1,"automobility:automobile_assembler":3,"minecraft:pink_wool":3,"minecraft:calibrated_sculk_sensor":34},"minecraft:picked_up":{"minecraft:sniffer_egg":2,"minecraft:arrow":3,"minecraft:bone":1,"minecraft:black_bed":1,"automobility:automobile_assembler":1,"minecraft:gunpowder":3,"automobility:crowbar":1}},"DataVersion":3465}