{"stats":{"minecraft:killed":{"minecraft:skeleton":3,"minecraft:spider":2,"minecraft:creeper":4},"minecraft:picked_up":{"minecraft:bone":1,"minecraft:arrow":3,"minecraft:sniffer_egg":2,"minecraft:black_bed":1,"minecraft:gunpowder":3},"minecraft:dropped":{"minecraft:sniffer_egg":2},"minecraft:custom":{"minecraft:time_since_rest":57622,"minecraft:crouch_one_cm":2261,"minecraft:sprint_one_cm":554,"minecraft:play_time":90451,"minecraft:walk_one_cm":76798,"minecraft:damage_taken":275,"minecraft:deaths":1,"minecraft:sneak_time":2376,"minecraft:mob_kills":11,"minecraft:drop":2,"minecraft:jump":145,"minecraft:damage_dealt":1927,"minecraft:leave_game":3,"minecraft:time_since_death":57565,"minecraft:total_world_time":90451,"minecraft:fly_one_cm":554511},"minecraft:killed_by":{"minecraft:zombie":1},"minecraft:used":{"minecraft:yellow_wool":275,"minecraft:netherite_sword":24,"minecraft:sea_lantern":30,"framedblocks:framed_threeway_corner_pillar":20,"vlog_games:bedplayerleft":1,"vlog_games:facescreen":1,"vlog_games:bedplayerright":1,"minecraft:lime_wool":9,"minecraft:blue_wool":22,"another_furniture:dark_oak_chair":2,"minecraft:black_bed":6,"minecraft:sniffer_egg":5,"minecraft:spruce_log":1,"minecraft:pink_wool":3,"minecraft:calibrated_sculk_sensor":34}},"DataVersion":3465}