{
  "minecraft:recipes/decorations/crafting_table": {
    "criteria": {
      "unlock_right_away": "2024-11-09 08:24:25 +0000"
    },
    "done": true
  },
  "minecraft:adventure/adventuring_time": {
    "criteria": {
      "minecraft:birch_forest": "2024-11-09 08:24:26 +0000",
      "minecraft:beach": "2024-11-09 08:42:28 +0000",
      "minecraft:river": "2024-11-09 10:46:00 +0000",
      "minecraft:forest": "2024-11-09 10:24:16 +0000",
      "minecraft:ocean": "2024-11-09 10:46:33 +0000"
    },
    "done": false
  },
  "minecraft:recipes/decorations/painting": {
    "criteria": {
      "has_wool": "2024-11-09 08:25:04 +0000"
    },
    "done": true
  },
  "minecraft:recipes/decorations/yellow_banner": {
    "criteria": {
      "has_yellow_wool": "2024-11-09 08:25:04 +0000"
    },
    "done": true
  },
  "minecraft:recipes/decorations/yellow_bed": {
    "criteria": {
      "has_yellow_wool": "2024-11-09 08:25:04 +0000"
    },
    "done": true
  },
  "minecraft:recipes/decorations/yellow_carpet": {
    "criteria": {
      "has_yellow_wool": "2024-11-09 08:25:04 +0000"
    },
    "done": true
  },
  "minecraft:recipes/decorations/lime_carpet": {
    "criteria": {
      "has_lime_wool": "2024-11-09 08:25:09 +0000"
    },
    "done": true
  },
  "minecraft:recipes/decorations/lime_banner": {
    "criteria": {
      "has_lime_wool": "2024-11-09 08:25:09 +0000"
    },
    "done": true
  },
  "minecraft:recipes/decorations/lime_bed": {
    "criteria": {
      "has_lime_wool": "2024-11-09 08:25:09 +0000"
    },
    "done": true
  },
  "minecraft:recipes/decorations/pink_bed": {
    "criteria": {
      "has_pink_wool": "2024-11-09 08:25:12 +0000"
    },
    "done": true
  },
  "minecraft:recipes/decorations/pink_carpet": {
    "criteria": {
      "has_pink_wool": "2024-11-09 08:25:12 +0000"
    },
    "done": true
  },
  "minecraft:recipes/decorations/pink_banner": {
    "criteria": {
      "has_pink_wool": "2024-11-09 08:25:12 +0000"
    },
    "done": true
  },
  "minecraft:recipes/decorations/blue_bed": {
    "criteria": {
      "has_blue_wool": "2024-11-09 08:39:53 +0000"
    },
    "done": true
  },
  "minecraft:recipes/decorations/blue_carpet": {
    "criteria": {
      "has_blue_wool": "2024-11-09 08:39:53 +0000"
    },
    "done": true
  },
  "minecraft:recipes/decorations/blue_banner": {
    "criteria": {
      "has_blue_wool": "2024-11-09 08:39:53 +0000"
    },
    "done": true
  },
  "minecraft:recipes/decorations/deepslate_brick_wall_from_deepslate_bricks_stonecutting": {
    "criteria": {
      "has_deepslate_bricks": "2024-11-09 08:53:52 +0000"
    },
    "done": true
  },
  "minecraft:recipes/building_blocks/deepslate_tile_stairs_from_deepslate_bricks_stonecutting": {
    "criteria": {
      "has_deepslate_bricks": "2024-11-09 08:53:52 +0000"
    },
    "done": true
  },
  "minecraft:recipes/decorations/deepslate_brick_wall": {
    "criteria": {
      "has_deepslate_bricks": "2024-11-09 08:53:52 +0000"
    },
    "done": true
  },
  "minecraft:recipes/building_blocks/deepslate_brick_stairs": {
    "criteria": {
      "has_deepslate_bricks": "2024-11-09 08:53:52 +0000"
    },
    "done": true
  },
  "minecraft:recipes/building_blocks/deepslate_tiles_from_deepslate_bricks_stonecutting": {
    "criteria": {
      "has_deepslate_bricks": "2024-11-09 08:53:52 +0000"
    },
    "done": true
  },
  "minecraft:recipes/building_blocks/deepslate_brick_slab": {
    "criteria": {
      "has_deepslate_bricks": "2024-11-09 08:53:52 +0000"
    },
    "done": true
  },
  "minecraft:recipes/decorations/deepslate_tile_wall_from_deepslate_bricks_stonecutting": {
    "criteria": {
      "has_deepslate_bricks": "2024-11-09 08:53:52 +0000"
    },
    "done": true
  },
  "minecraft:recipes/building_blocks/cracked_deepslate_bricks": {
    "criteria": {
      "has_deepslate_bricks": "2024-11-09 08:53:52 +0000"
    },
    "done": true
  },
  "minecraft:recipes/building_blocks/deepslate_tile_slab_from_deepslate_bricks_stonecutting": {
    "criteria": {
      "has_deepslate_bricks": "2024-11-09 08:53:52 +0000"
    },
    "done": true
  },
  "minecraft:recipes/building_blocks/deepslate_tiles": {
    "criteria": {
      "has_deepslate_bricks": "2024-11-09 08:53:52 +0000"
    },
    "done": true
  },
  "minecraft:recipes/building_blocks/deepslate_brick_stairs_from_deepslate_bricks_stonecutting": {
    "criteria": {
      "has_deepslate_bricks": "2024-11-09 08:53:52 +0000"
    },
    "done": true
  },
  "minecraft:recipes/building_blocks/deepslate_brick_slab_from_deepslate_bricks_stonecutting": {
    "criteria": {
      "has_deepslate_bricks": "2024-11-09 08:53:52 +0000"
    },
    "done": true
  },
  "another_furniture:recipes/lime_tall_stool": {
    "criteria": {
      "has_wool": "2024-11-09 10:21:49 +0000"
    },
    "done": true
  },
  "another_furniture:recipes/yellow_curtain": {
    "criteria": {
      "has_wool": "2024-11-09 10:21:49 +0000"
    },
    "done": true
  },
  "another_furniture:recipes/yellow_lamp": {
    "criteria": {
      "has_wool": "2024-11-09 10:21:49 +0000"
    },
    "done": true
  },
  "another_furniture:recipes/yellow_stool": {
    "criteria": {
      "has_wool": "2024-11-09 10:21:49 +0000"
    },
    "done": true
  },
  "another_furniture:recipes/lime_stool": {
    "criteria": {
      "has_wool": "2024-11-09 10:21:49 +0000"
    },
    "done": true
  },
  "another_furniture:recipes/yellow_sofa": {
    "criteria": {
      "has_wool": "2024-11-09 10:21:49 +0000"
    },
    "done": true
  },
  "another_furniture:recipes/yellow_tall_stool": {
    "criteria": {
      "has_wool": "2024-11-09 10:21:49 +0000"
    },
    "done": true
  },
  "another_furniture:recipes/lime_curtain": {
    "criteria": {
      "has_wool": "2024-11-09 10:21:49 +0000"
    },
    "done": true
  },
  "another_furniture:recipes/lime_sofa": {
    "criteria": {
      "has_wool": "2024-11-09 10:21:49 +0000"
    },
    "done": true
  },
  "another_furniture:recipes/lime_lamp": {
    "criteria": {
      "has_wool": "2024-11-09 10:21:49 +0000"
    },
    "done": true
  },
  "another_furniture:recipes/blue_tall_stool": {
    "criteria": {
      "has_wool": "2024-11-09 10:52:52 +0000"
    },
    "done": true
  },
  "another_furniture:recipes/blue_curtain": {
    "criteria": {
      "has_wool": "2024-11-09 10:52:52 +0000"
    },
    "done": true
  },
  "minecraft:recipes/decorations/chest": {
    "criteria": {
      "has_lots_of_items": "2024-11-09 10:59:44 +0000"
    },
    "done": true
  },
  "minecraft:adventure/kill_all_mobs": {
    "criteria": {
      "minecraft:creeper": "2024-11-09 11:00:10 +0000"
    },
    "done": false
  },
  "another_furniture:recipes/blue_sofa": {
    "criteria": {
      "has_wool": "2024-11-09 10:52:52 +0000"
    },
    "done": true
  },
  "minecraft:recipes/misc/bone_meal": {
    "criteria": {
      "has_bone": "2024-11-09 10:59:55 +0000"
    },
    "done": true
  },
  "another_furniture:recipes/blue_lamp": {
    "criteria": {
      "has_wool": "2024-11-09 10:52:52 +0000"
    },
    "done": true
  },
  "another_furniture:recipes/blue_stool": {
    "criteria": {
      "has_wool": "2024-11-09 10:52:52 +0000"
    },
    "done": true
  },
  "minecraft:adventure/root": {
    "criteria": {
      "killed_something": "2024-11-09 11:00:10 +0000"
    },
    "done": true
  },
  "minecraft:adventure/kill_a_mob": {
    "criteria": {
      "minecraft:creeper": "2024-11-09 11:00:10 +0000"
    },
    "done": true
  },
  "minecraft:recipes/misc/firework_rocket_simple": {
    "criteria": {
      "has_gunpowder": "2024-11-09 11:00:11 +0000"
    },
    "done": true
  },
  "minecraft:recipes/redstone/tnt": {
    "criteria": {
      "has_gunpowder": "2024-11-09 11:00:11 +0000"
    },
    "done": true
  },
  "DataVersion": 3465
}