{
  "minecraft:recipes/decorations/crafting_table": {
    "criteria": {
      "unlock_right_away": "2024-11-09 14:34:26 +0000"
    },
    "done": true
  },
  "minecraft:adventure/adventuring_time": {
    "criteria": {
      "minecraft:birch_forest": "2024-11-09 14:34:27 +0000",
      "minecraft:beach": "2024-11-09 15:09:44 +0000",
      "minecraft:river": "2024-11-09 15:11:27 +0000",
      "minecraft:forest": "2024-11-09 14:34:42 +0000"
    },
    "done": false
  },
  "another_furniture:recipes/blue_tall_stool": {
    "criteria": {
      "has_wool": "2024-11-09 15:24:50 +0000"
    },
    "done": true
  },
  "another_furniture:recipes/pink_sofa": {
    "criteria": {
      "has_wool": "2024-11-09 15:24:22 +0000"
    },
    "done": true
  },
  "minecraft:recipes/decorations/painting": {
    "criteria": {
      "has_wool": "2024-11-09 15:24:22 +0000"
    },
    "done": true
  },
  "another_furniture:recipes/blue_curtain": {
    "criteria": {
      "has_wool": "2024-11-09 15:24:50 +0000"
    },
    "done": true
  },
  "another_furniture:recipes/lime_tall_stool": {
    "criteria": {
      "has_wool": "2024-11-09 15:24:40 +0000"
    },
    "done": true
  },
  "another_furniture:recipes/yellow_curtain": {
    "criteria": {
      "has_wool": "2024-11-09 15:24:27 +0000"
    },
    "done": true
  },
  "another_furniture:recipes/yellow_lamp": {
    "criteria": {
      "has_wool": "2024-11-09 15:24:27 +0000"
    },
    "done": true
  },
  "minecraft:recipes/decorations/chest": {
    "criteria": {
      "has_lots_of_items": "2024-11-09 15:34:32 +0000"
    },
    "done": true
  },
  "another_furniture:recipes/yellow_stool": {
    "criteria": {
      "has_wool": "2024-11-09 15:24:27 +0000"
    },
    "done": true
  },
  "minecraft:adventure/kill_all_mobs": {
    "criteria": {
      "minecraft:skeleton": "2024-11-09 15:34:31 +0000",
      "minecraft:spider": "2024-11-09 15:31:09 +0000",
      "minecraft:creeper": "2024-11-09 15:30:52 +0000"
    },
    "done": false
  },
  "another_furniture:recipes/lime_stool": {
    "criteria": {
      "has_wool": "2024-11-09 15:24:40 +0000"
    },
    "done": true
  },
  "minecraft:recipes/decorations/yellow_bed": {
    "criteria": {
      "has_yellow_wool": "2024-11-09 15:24:27 +0000"
    },
    "done": true
  },
  "another_furniture:recipes/blue_sofa": {
    "criteria": {
      "has_wool": "2024-11-09 15:24:50 +0000"
    },
    "done": true
  },
  "minecraft:recipes/building_blocks/spruce_wood": {
    "criteria": {
      "has_log": "2024-11-09 15:12:09 +0000"
    },
    "done": true
  },
  "minecraft:recipes/misc/bone_meal": {
    "criteria": {
      "has_bone": "2024-11-09 15:34:32 +0000"
    },
    "done": true
  },
  "minecraft:recipes/decorations/lime_bed": {
    "criteria": {
      "has_lime_wool": "2024-11-09 15:24:40 +0000"
    },
    "done": true
  },
  "another_furniture:recipes/yellow_sofa": {
    "criteria": {
      "has_wool": "2024-11-09 15:24:27 +0000"
    },
    "done": true
  },
  "another_furniture:recipes/yellow_tall_stool": {
    "criteria": {
      "has_wool": "2024-11-09 15:24:27 +0000"
    },
    "done": true
  },
  "another_furniture:recipes/lime_curtain": {
    "criteria": {
      "has_wool": "2024-11-09 15:24:40 +0000"
    },
    "done": true
  },
  "minecraft:recipes/building_blocks/spruce_planks": {
    "criteria": {
      "has_logs": "2024-11-09 15:12:09 +0000"
    },
    "done": true
  },
  "another_furniture:recipes/lime_sofa": {
    "criteria": {
      "has_wool": "2024-11-09 15:24:40 +0000"
    },
    "done": true
  },
  "minecraft:recipes/decorations/blue_bed": {
    "criteria": {
      "has_blue_wool": "2024-11-09 15:24:50 +0000"
    },
    "done": true
  },
  "minecraft:recipes/decorations/lime_carpet": {
    "criteria": {
      "has_lime_wool": "2024-11-09 15:24:40 +0000"
    },
    "done": true
  },
  "minecraft:recipes/misc/charcoal": {
    "criteria": {
      "has_log": "2024-11-09 15:12:09 +0000"
    },
    "done": true
  },
  "another_furniture:recipes/blue_lamp": {
    "criteria": {
      "has_wool": "2024-11-09 15:24:50 +0000"
    },
    "done": true
  },
  "minecraft:recipes/decorations/pink_bed": {
    "criteria": {
      "has_pink_wool": "2024-11-09 15:24:22 +0000"
    },
    "done": true
  },
  "another_furniture:recipes/lime_lamp": {
    "criteria": {
      "has_wool": "2024-11-09 15:24:40 +0000"
    },
    "done": true
  },
  "minecraft:recipes/decorations/blue_carpet": {
    "criteria": {
      "has_blue_wool": "2024-11-09 15:24:50 +0000"
    },
    "done": true
  },
  "another_furniture:recipes/blue_stool": {
    "criteria": {
      "has_wool": "2024-11-09 15:24:50 +0000"
    },
    "done": true
  },
  "minecraft:adventure/root": {
    "criteria": {
      "killed_by_something": "2024-11-09 15:07:50 +0000"
    },
    "done": true
  },
  "minecraft:recipes/decorations/yellow_banner": {
    "criteria": {
      "has_yellow_wool": "2024-11-09 15:24:27 +0000"
    },
    "done": true
  },
  "minecraft:husbandry/obtain_sniffer_egg": {
    "criteria": {
      "obtain_sniffer_egg": "2024-11-09 15:13:04 +0000"
    },
    "done": true
  },
  "minecraft:adventure/kill_a_mob": {
    "criteria": {
      "minecraft:creeper": "2024-11-09 15:30:52 +0000"
    },
    "done": true
  },
  "minecraft:recipes/decorations/yellow_carpet": {
    "criteria": {
      "has_yellow_wool": "2024-11-09 15:24:27 +0000"
    },
    "done": true
  },
  "another_furniture:recipes/pink_curtain": {
    "criteria": {
      "has_wool": "2024-11-09 15:24:22 +0000"
    },
    "done": true
  },
  "minecraft:recipes/decorations/blue_banner": {
    "criteria": {
      "has_blue_wool": "2024-11-09 15:24:50 +0000"
    },
    "done": true
  },
  "minecraft:recipes/decorations/lime_banner": {
    "criteria": {
      "has_lime_wool": "2024-11-09 15:24:40 +0000"
    },
    "done": true
  },
  "minecraft:recipes/decorations/pink_carpet": {
    "criteria": {
      "has_pink_wool": "2024-11-09 15:24:22 +0000"
    },
    "done": true
  },
  "minecraft:recipes/misc/firework_rocket_simple": {
    "criteria": {
      "has_gunpowder": "2024-11-09 15:30:52 +0000"
    },
    "done": true
  },
  "framedblocks:recipes/building_blocks/framed_double_threeway_corner_pillar": {
    "criteria": {
      "hasFramedThreewayCornerPillar": "2024-11-09 15:27:14 +0000"
    },
    "done": true
  },
  "minecraft:recipes/decorations/pink_banner": {
    "criteria": {
      "has_pink_wool": "2024-11-09 15:24:22 +0000"
    },
    "done": true
  },
  "minecraft:recipes/redstone/tnt": {
    "criteria": {
      "has_gunpowder": "2024-11-09 15:30:52 +0000"
    },
    "done": true
  },
  "another_furniture:recipes/pink_lamp": {
    "criteria": {
      "has_wool": "2024-11-09 15:24:22 +0000"
    },
    "done": true
  },
  "another_furniture:recipes/pink_tall_stool": {
    "criteria": {
      "has_wool": "2024-11-09 15:24:22 +0000"
    },
    "done": true
  },
  "another_furniture:recipes/pink_stool": {
    "criteria": {
      "has_wool": "2024-11-09 15:24:22 +0000"
    },
    "done": true
  },
  "DataVersion": 3465
}